{
    "algorithm": "PipelineModel",
    "algorithmType": "Classification",
    "author": "1360",
    "createdAt": 1568651589489,
    "features": [
        {
            "name": "PHASE",
            "sample": "Adult",
            "type": "str"
        },
        {
            "name": "ID",
            "sample": 6,
            "type": "int"
        },
        {
            "name": "GENDER",
            "sample": "M",
            "type": "str"
        },
        {
            "name": "STATUS",
            "sample": "M",
            "type": "str"
        },
        {
            "name": "CHILDREN",
            "sample": 2,
            "type": "int"
        },
        {
            "name": "ESTINCOME",
            "sample": 29616.0,
            "type": "float"
        },
        {
            "name": "CAROWNER",
            "sample": "N",
            "type": "str"
        },
        {
            "name": "AGE",
            "sample": 49.426667,
            "type": "float"
        },
        {
            "name": "LONGDISTANCE",
            "sample": 29.0,
            "type": "float"
        },
        {
            "name": "INTERNATIONAL",
            "sample": 0.0,
            "type": "float"
        },
        {
            "name": "LOCAL",
            "sample": 45.0,
            "type": "float"
        },
        {
            "name": "DROPPED",
            "sample": 0,
            "type": "int"
        },
        {
            "name": "PAYMETHOD",
            "sample": "CH",
            "type": "str"
        },
        {
            "name": "LOCALBILLTYPE",
            "sample": "FreeLocal",
            "type": "str"
        },
        {
            "name": "LONGDISTANCEBILLTYPE",
            "sample": "Standard",
            "type": "str"
        },
        {
            "name": "USAGE",
            "sample": 75.0,
            "type": "float"
        },
        {
            "name": "RATEPLAN",
            "sample": 2,
            "type": "int"
        }
    ],
    "id": 1568651589489,
    "isPublished": false,
    "labelColumns": [
        {
            "name": "CHURN",
            "type": "str"
        }
    ],
    "latestModelVersion": 1,
    "learningType": "Supervised",
    "name": "Telco_Churn_ML_model",
    "params": {},
    "publishedBy": "",
    "publishedModelVersion": -1,
    "runtime": "Python36",
    "serialization": "spark",
    "source": "",
    "type": "spark-2.3"
}