PHASE,ID,GENDER,STATUS,CHILDREN,ESTINCOME,CAROWNER,AGE,LONGDISTANCE,INTERNATIONAL,LOCAL,DROPPED,PAYMETHOD,LOCALBILLTYPE,LONGDISTANCEBILLTYPE,USAGE,RATEPLAN,CHURN
Adult,6,M,M,2,29616.0,N,49.426667,29,0,45,0,CH,FreeLocal,Standard,75,2,F
Adult,14,F,M,2,52004.8,N,25.14,5,0,23,0,CH,Budget,Intnl_discount,28,1,F
Adult,18,M,M,1,75004.5,N,64.8,26,0,32,0,CC,Budget,Intnl_discount,58,1,F
Adult,21,M,M,0,19749.3,N,60.366667,20,0,13,0,CC,Budget,Standard,34,3,F
Adult,22,M,S,1,57626.9,Y,43.906667,9,0,38,0,CC,Budget,Standard,48,2,F
Adult,35,F,S,0,78851.3,N,48.373333,0,0,28,0,CC,FreeLocal,Standard,29,4,T
Adult,45,M,S,2,89459.9,N,53.28,11,1,22,0,CC,FreeLocal,Standard,36,2,T
Adult,54,F,M,2,84166.1,N,54.013333,3,0,11,1,CC,Budget,Standard,15,2,T
Adult,77,M,S,0,3601.71,N,49.266667,9,4,111,0,Auto,Budget,Intnl_discount,125,4,T
Adult,81,F,M,2,84789.3,N,50.433333,14,8,10,0,CH,FreeLocal,Standard,33,4,T
Adult,86,F,M,2,8204.72,N,52.973333,15,0,24,0,CH,FreeLocal,Standard,39,3,F
Adult,87,M,M,1,97180.4,N,50.6,8,9,45,0,CC,FreeLocal,Standard,63,4,T
Adult,92,F,M,2,45429.7,Y,61.713333,24,0,73,0,CH,FreeLocal,Standard,97,2,T
Adult,104,M,S,2,43634.5,N,21.78,29,9,104,0,CC,Budget,Standard,143,1,T
Adult,109,M,S,1,92647.5,N,56.046667,16,5,10,0,CC,Budget,Standard,32,4,T
Adult,117,M,M,1,13091.6,N,59.126667,22,0,20,0,CC,Budget,Intnl_discount,43,2,F
Adult,130,F,S,2,83073.7,N,39.553333,0,0,3,0,CC,Budget,Standard,3,4,F
Adult,158,M,M,2,1406.05,Y,19.306667,11,0,15,0,CC,Budget,Standard,26,1,F
Adult,209,F,S,2,76791.2,N,61.0,20,0,23,0,CC,Budget,Intnl_discount,43,4,F
Adult,219,M,S,0,2056.06,Y,18.94,24,6,27,0,Auto,Budget,Standard,58,2,T
Adult,224,F,M,2,69343.3,N,42.166667,6,0,15,0,CC,FreeLocal,Standard,21,2,F
Adult,231,F,M,2,21419.9,N,59.833333,26,0,103,0,CC,FreeLocal,Standard,129,1,F
Adult,233,F,M,1,66000.0,Y,63.353333,6,0,30,0,Auto,FreeLocal,Intnl_discount,37,2,F
Adult,234,F,M,2,50561.3,N,52.0,16,0,113,1,CH,Budget,Standard,129,2,F
Adult,236,F,S,2,23464.0,Y,70.0,22,0,41,0,CC,Budget,Intnl_discount,64,3,T
Adult,243,F,M,1,98453.6,Y,46.0,13,0,11,0,Auto,FreeLocal,Standard,25,3,F
Adult,244,F,M,2,94026.8,Y,27.746667,25,0,10,0,CC,FreeLocal,Intnl_discount,35,3,F
Adult,254,F,M,2,18296.4,Y,42.626667,0,0,10,0,CC,FreeLocal,Standard,10,3,F
Adult,255,F,S,0,39461.0,N,22.226667,22,0,103,1,CC,FreeLocal,Standard,126,4,T
Adult,257,F,S,1,68000.0,N,60.0,22,0,63,0,Auto,FreeLocal,Standard,86,3,F
Adult,260,F,M,2,52957.0,Y,39.746667,25,0,125,2,CH,FreeLocal,Standard,151,2,F
Adult,261,F,S,2,86747.1,N,64.853333,20,0,37,0,Auto,Budget,Standard,57,3,F
Adult,265,F,M,2,85394.0,Y,20.16,19,2,14,1,Auto,Budget,Intnl_discount,35,4,F
Adult,266,F,S,0,2121.36,N,39.786667,2,0,36,1,CC,FreeLocal,Standard,38,3,T
Adult,276,F,M,2,60485.5,N,41.666667,11,0,28,0,Auto,Budget,Intnl_discount,40,1,F
Adult,280,M,S,1,76529.8,N,58.28,18,5,20,0,CC,Budget,Standard,43,1,T
Adult,288,M,M,0,78894.2,N,28.0,2,1,43,0,CH,Budget,Intnl_discount,46,2,F
Adult,289,M,S,1,16432.1,Y,20.92,20,8,80,0,CH,Budget,Intnl_discount,109,1,T
Adult,305,F,S,2,15688.5,N,53.06,14,0,8,0,CC,Budget,Standard,22,4,T
Adult,313,F,M,2,59691.3,N,38.04,21,0,256,0,CC,Budget,Standard,278,2,F
Adult,317,M,M,0,70908.7,N,49.62,7,4,43,0,CC,FreeLocal,Standard,55,4,T
Adult,329,F,M,1,56722.8,N,60.593333,17,6,51,0,CC,FreeLocal,Standard,74,2,F
Adult,331,M,M,1,80000.0,N,53.213333,0,0,3,0,CC,Budget,Intnl_discount,3,3,T
Adult,332,F,S,2,3416.62,Y,22.76,18,0,104,0,CC,Budget,Standard,123,4,T
Adult,333,F,M,0,73400.0,Y,55.633333,0,0,10,0,Auto,Budget,Standard,10,2,F
Adult,334,M,M,0,120000.0,Y,53.213333,15,0,25,0,CC,FreeLocal,Standard,40,4,T
Adult,336,F,S,1,93454.3,Y,48.533333,18,0,25,0,Auto,FreeLocal,Standard,44,4,F
Adult,356,F,S,0,17138.2,N,63.786667,20,0,84,0,CC,FreeLocal,Intnl_discount,104,3,T
Adult,360,F,S,1,67239.4,N,44.433333,12,0,53,0,Auto,FreeLocal,Intnl_discount,66,2,F
Adult,375,F,M,2,11234.7,Y,49.046667,0,0,112,0,CC,Budget,Standard,113,3,F
Adult,382,F,M,2,72841.3,N,47.02,10,0,72,0,CC,Budget,Standard,82,1,F
Adult,407,F,M,2,84948.0,Y,29.446667,11,0,12,0,CH,FreeLocal,Intnl_discount,23,3,F
Adult,408,F,M,2,30998.8,N,40.96,2,0,50,0,Auto,Budget,Standard,52,2,F
Adult,422,F,M,2,38215.9,N,30.886667,0,0,0,0,Auto,Budget,Standard,0,2,F
Adult,423,F,M,1,13829.4,N,22.0,28,0,160,0,CC,FreeLocal,Standard,176,1,T
Adult,431,F,S,0,35000.0,N,23.0,30,0,262,0,CC,Budget,Standard,265,3,T
Adult,442,F,S,0,40000.0,N,20.0,26,0,61,0,CC,Budget,Standard,65,2,T
Adult,443,F,S,2,33330.0,N,21.0,33,0,35,0,Auto,Budget,Standard,41,3,T
Adult,446,F,S,1,40120.0,N,24.0,28,0,106,0,CC,Budget,Standard,134,4,T
Adult,450,F,M,2,90271.6,N,44.926667,13,0,96,0,CC,FreeLocal,Standard,110,4,F
Adult,461,M,M,0,96223.4,Y,64.76,11,0,5,0,CC,FreeLocal,Standard,18,1,T
Adult,462,F,S,0,15989.3,N,61.693333,3,0,25,1,CC,Budget,Intnl_discount,29,4,T
Adult,463,M,M,0,69168.4,Y,62.426667,14,6,214,0,CC,Budget,Standard,234,2,T
Adult,471,M,M,2,90103.7,N,34.946667,12,8,45,0,CC,Budget,Intnl_discount,66,3,F
Adult,472,F,M,0,59008.4,Y,30.18,12,0,18,0,CC,Budget,Standard,31,1,T
Adult,475,F,M,2,36647.9,N,49.986667,21,0,85,0,CC,Budget,Intnl_discount,107,3,F
Adult,484,F,M,0,2031.61,N,20.3,21,0,87,0,CC,Budget,Standard,109,2,T
Adult,491,F,M,0,55221.0,N,42.0,0,0,15,0,CC,FreeLocal,Standard,15,3,F
Adult,492,F,M,1,8073.11,N,43.0,28,0,60,0,Auto,FreeLocal,Standard,89,2,F
Adult,493,M,M,1,95448.6,Y,53.68,24,0,5,0,CH,Budget,Standard,29,3,F
Adult,500,F,M,0,27371.8,Y,48.0,16,0,126,0,CC,FreeLocal,Standard,142,4,F
Adult,504,M,M,1,71472.9,N,41.913333,16,0,114,0,CH,Budget,Standard,130,3,T
Adult,506,F,S,0,95786.8,Y,43.0,21,0,87,0,CC,Budget,Standard,108,4,F
Adult,509,M,S,0,90478.6,N,54.553333,18,0,136,0,CC,FreeLocal,Standard,154,2,T
Adult,518,M,M,2,29616.0,N,49.426667,29,0,45,0,CH,FreeLocal,Standard,75,1,F
Adult,530,M,M,0,75004.5,N,64.8,26,0,32,0,CC,Budget,Intnl_discount,58,2,F
Adult,533,M,M,0,19749.3,N,60.366667,20,0,13,0,CC,Budget,Standard,34,1,F
Adult,549,F,M,0,83891.9,Y,61.02,28,0,45,0,CH,Budget,Standard,74,4,T
Adult,550,F,M,2,28220.8,N,38.766667,26,0,12,0,CC,FreeLocal,Standard,38,4,T
Adult,554,F,M,2,5237.63,N,48.753333,13,8,56,0,CC,Budget,Standard,78,1,F
Adult,561,F,S,0,81710.9,N,58.54,20,0,15,1,CC,FreeLocal,Standard,36,4,F
Adult,564,F,M,2,67388.0,N,53.12,4,0,91,1,CC,Budget,Standard,96,3,T
Adult,572,F,S,1,7737.94,N,42.666667,11,0,50,0,CC,FreeLocal,Standard,61,2,T
Adult,574,F,M,2,45287.6,Y,29.026667,0,0,2,0,CC,Budget,Standard,2,3,F
Adult,593,F,S,2,84789.3,N,50.433333,14,8,10,0,CH,FreeLocal,Standard,33,4,T
Adult,595,F,M,2,35976.5,Y,48.853333,18,0,31,0,Auto,FreeLocal,Intnl_discount,50,4,T
Adult,609,F,S,0,69350.5,Y,57.42,1,0,25,0,CC,FreeLocal,Standard,27,4,F
Adult,620,F,S,1,13109.1,N,62.606667,22,0,40,0,Auto,Budget,Standard,62,4,T
Adult,622,M,S,2,21021.6,Y,62.753333,3,0,11,0,CC,Budget,Standard,14,2,F
Adult,626,F,S,2,28787.4,N,41.666667,27,0,58,0,Auto,Budget,Standard,86,3,T
Adult,639,F,S,2,19131.1,N,56.186667,22,0,34,0,Auto,Budget,Standard,57,1,T
Adult,670,M,M,2,1406.05,Y,19.306667,11,0,15,0,CC,Budget,Standard,26,3,F
Adult,681,F,S,0,93322.1,Y,40.313333,29,0,8,0,CH,Budget,Intnl_discount,38,1,T
Adult,707,F,S,1,12526.3,N,53.553333,11,0,28,0,CC,FreeLocal,Intnl_discount,40,1,T
Adult,713,M,M,0,78572.2,Y,42.346667,21,0,29,1,CC,FreeLocal,Standard,51,3,T
Adult,731,M,S,1,2056.06,Y,18.94,24,6,27,0,Auto,Budget,Standard,58,4,T
Adult,737,F,M,0,83287.0,N,44.0,0,0,23,2,Auto,Budget,Standard,24,2,F
Adult,740,F,M,0,14932.5,N,46.0,4,0,6,0,CC,Budget,Intnl_discount,11,2,F
Adult,744,F,M,2,30665.2,Y,22.88,5,8,63,0,Auto,FreeLocal,Standard,77,4,F
Adult,746,F,M,2,50561.3,N,46.0,16,0,113,1,CH,Budget,Standard,129,2,F
Adult,752,F,M,1,95620.3,Y,47.0,10,0,93,0,CC,Budget,Standard,104,4,F
Adult,758,F,S,2,57420.0,Y,55.0,25,0,252,1,Auto,Budget,Standard,277,4,F
Adult,761,M,M,2,47639.1,N,41.0,17,0,39,0,CC,Budget,Intnl_discount,57,4,F
Adult,767,F,S,0,39461.0,N,22.226667,22,0,103,1,CC,FreeLocal,Standard,126,1,T
Adult,769,F,S,1,70000.0,N,56.193333,22,0,63,0,Auto,FreeLocal,Standard,86,1,F
Adult,773,F,S,2,86747.1,N,64.853333,20,0,37,0,Auto,Budget,Standard,57,4,F
Adult,775,F,M,1,87404.6,N,63.186667,21,0,139,0,Auto,Budget,Standard,160,2,F
Adult,788,F,M,2,60485.5,N,41.666667,11,0,28,0,Auto,Budget,Intnl_discount,40,3,F
Adult,798,M,M,0,80000.0,Y,53.213333,0,0,2,0,CH,Budget,Standard,2,1,T
Adult,800,M,M,0,78894.2,N,52.74,2,1,43,0,CH,Budget,Intnl_discount,46,3,T
Adult,810,F,S,1,540.4,Y,39.213333,12,0,7,0,Auto,Budget,Intnl_discount,20,3,T
Adult,825,F,M,2,59691.3,N,38.04,21,0,256,0,CC,Budget,Standard,278,1,F
Adult,827,F,S,2,11251.1,Y,52.0,28,0,113,0,CC,FreeLocal,Standard,141,4,T
Adult,829,M,M,1,70908.7,N,49.62,7,4,43,0,CC,FreeLocal,Standard,55,1,T
Adult,830,M,S,0,94928.3,N,40.18,14,5,73,0,CC,FreeLocal,Standard,93,1,T
Adult,838,M,M,0,65000.0,Y,52.266667,29,0,62,0,CH,Budget,Standard,92,1,T
Adult,846,M,M,0,73400.0,Y,53.213333,15,0,25,0,CC,FreeLocal,Standard,40,2,T
Adult,853,M,S,0,68000.0,Y,49.0,4,3,82,0,CH,Budget,Intnl_discount,90,3,T
Adult,857,M,S,2,78373.5,N,35.346667,6,8,184,0,Auto,Budget,Standard,199,2,F
Adult,870,F,M,2,47010.1,N,57.406667,2,0,164,0,CC,Budget,Intnl_discount,167,2,F
Adult,873,M,M,1,69406.7,Y,38.0,6,7,128,1,CC,FreeLocal,Standard,142,2,F
Adult,882,F,M,2,2185.6,N,52.513333,7,0,20,1,CH,Budget,Standard,28,1,F
Adult,889,F,M,2,36660.9,Y,39.96,0,0,3,1,CH,Budget,Intnl_discount,3,3,F
Adult,891,F,M,2,68462.8,N,34.4,24,5,60,0,CC,FreeLocal,Standard,90,1,F
Adult,894,F,M,2,72841.3,N,47.02,10,0,72,0,CC,Budget,Standard,82,2,F
Adult,896,M,S,0,80000.0,N,41.0,29,5,35,0,CC,Budget,Standard,70,3,T
Adult,900,F,M,1,82931.3,N,64.64,19,0,118,0,Auto,FreeLocal,Standard,137,1,F
Adult,901,F,M,2,57483.9,N,44.026667,17,0,27,0,CH,Budget,Standard,44,3,F
Adult,917,F,M,2,69133.9,Y,26.833333,8,0,37,0,CH,FreeLocal,Standard,46,1,T
Adult,933,M,M,0,60101.1,Y,63.766667,27,6,124,2,CH,FreeLocal,Standard,157,2,T
Adult,939,F,M,2,98003.7,Y,26.273333,1,0,83,0,CC,FreeLocal,Intnl_discount,84,3,F
Adult,951,F,D,0,40120.0,Y,21.0,40,0,99,0,CC,FreeLocal,Standard,108,2,T
Adult,955,F,S,2,42000.0,N,23.0,33,0,35,0,Auto,Budget,Standard,41,4,T
Adult,962,F,M,2,90271.6,N,44.926667,13,0,96,0,CC,FreeLocal,Standard,110,1,F
Adult,977,M,M,0,96681.0,Y,19.76,2,7,40,0,CC,Budget,Standard,73,2,F
Adult,979,M,S,0,80221.2,N,29.026667,2,0,49,0,Auto,FreeLocal,Standard,50,2,F
Adult,981,F,M,2,64977.4,N,38.193333,28,0,17,0,CC,FreeLocal,Standard,45,3,F
Adult,985,M,M,2,5265.35,N,52.873333,2,5,23,0,Auto,Budget,Intnl_discount,31,3,F
Adult,989,F,S,1,73338.0,N,48.246667,20,0,9,0,Auto,Budget,Intnl_discount,29,2,F
Adult,990,F,S,0,433.74,N,60.746667,3,0,40,0,CC,FreeLocal,Standard,44,2,T
Adult,1000,F,S,2,16938.5,N,52.0,13,0,8,0,CH,FreeLocal,Standard,22,3,F
Adult,1003,F,M,0,55221.0,N,43.0,0,0,15,0,CC,FreeLocal,Standard,15,1,F
Adult,1004,F,M,1,8073.11,N,46.0,28,0,60,0,Auto,FreeLocal,Standard,89,4,F
Adult,1008,M,S,1,31952.0,N,34.266667,0,0,4,2,CC,Budget,Standard,4,2,F
Adult,1021,M,D,1,90478.6,N,54.553333,18,0,136,0,CC,FreeLocal,Standard,154,4,T
Adult,1022,F,M,2,56187.0,N,43.0,8,0,13,0,CH,Budget,Standard,21,3,F
Adult,1046,M,S,1,57626.9,Y,43.906667,9,0,38,0,CC,Budget,Standard,48,1,F
Adult,1066,F,M,2,5237.63,N,48.753333,13,8,56,0,CC,Budget,Standard,78,3,F
Adult,1069,M,S,2,89459.9,N,53.28,11,1,22,0,CC,FreeLocal,Standard,36,2,T
Adult,1077,F,M,1,57063.0,Y,52.333333,16,0,81,0,CH,Budget,Standard,98,4,F
Adult,1078,F,M,2,84166.1,N,54.013333,3,0,11,1,CC,Budget,Standard,15,1,T
Adult,1085,M,S,2,120000.0,N,42.0,21,0,293,0,CH,Budget,Standard,314,2,T
Adult,1092,F,S,2,9559.78,N,51.38,18,0,59,0,CC,FreeLocal,Standard,77,2,T
Adult,1095,F,M,2,42031.8,N,50.753333,20,0,39,0,CH,Budget,Intnl_discount,59,4,F
Adult,1107,F,M,2,35976.5,Y,48.853333,18,0,31,0,Auto,FreeLocal,Intnl_discount,50,4,T
Adult,1113,F,S,2,38280.0,N,33.74,11,0,74,0,Auto,FreeLocal,Intnl_discount,86,2,F
Adult,1118,F,S,0,25285.5,N,53.986667,9,0,11,0,CC,FreeLocal,Standard,21,3,T
Adult,1119,F,M,2,77551.1,Y,33.6,20,0,41,1,CC,Budget,Intnl_discount,62,3,F
Adult,1128,M,S,2,43634.5,N,21.78,29,9,104,0,CC,Budget,Standard,143,2,T
Adult,1135,M,S,0,74460.7,Y,55.34,25,0,179,0,CC,FreeLocal,Standard,206,2,T
Adult,1145,F,M,1,20550.9,Y,22.12,27,0,57,0,CC,Budget,Standard,85,1,T
Adult,1148,M,M,2,1765.41,N,18.766667,3,0,44,0,CC,FreeLocal,Standard,47,4,F
Adult,1157,M,M,2,42750.3,Y,50.493333,20,1,112,0,Auto,Budget,Intnl_discount,134,2,F
Adult,1171,M,S,0,72928.2,N,38.733333,7,0,196,0,CC,Budget,Standard,203,2,F
Adult,1184,F,S,0,73228.3,N,46.0,22,0,28,0,Auto,Budget,Standard,50,3,F
Adult,1190,M,M,1,64792.3,N,52.146667,13,1,36,0,CH,FreeLocal,Standard,51,1,T
Adult,1193,F,S,0,93322.1,Y,40.313333,29,0,8,0,CH,Budget,Intnl_discount,38,1,T
Adult,1206,F,S,1,12686.0,N,64.8,23,0,80,0,Auto,Budget,Standard,103,4,T
Adult,1214,M,M,2,57360.8,Y,53.253333,10,0,57,0,CC,FreeLocal,Standard,67,1,F
Adult,1215,M,M,0,92414.7,Y,45.513333,29,0,10,0,CC,FreeLocal,Standard,40,1,T
Adult,1216,M,M,0,60102.7,N,42.14,9,0,62,1,CH,FreeLocal,Standard,72,3,T
Adult,1230,F,M,2,87578.2,Y,53.366667,0,0,22,0,CC,Budget,Standard,22,4,F
Adult,1243,M,D,0,2056.06,Y,18.94,24,6,27,0,Auto,Budget,Standard,58,3,T
Adult,1246,M,S,0,78000.0,N,46.0,4,7,8,0,CC,Budget,Standard,20,4,T
Adult,1249,F,M,0,83287.0,N,42.0,0,0,23,2,Auto,Budget,Standard,24,3,F
Adult,1255,F,M,2,21419.9,N,59.833333,26,0,103,0,CC,FreeLocal,Standard,129,4,F
Adult,1261,F,M,2,194.57,N,41.0,28,0,38,0,CC,FreeLocal,Standard,67,4,F
Adult,1262,F,M,1,98680.4,Y,62.0,17,0,8,0,CH,FreeLocal,Intnl_discount,26,1,F
Adult,1263,M,M,0,65619.7,Y,46.0,13,0,144,0,CC,Budget,Standard,158,3,T
Adult,1267,F,M,1,98453.6,Y,55.0,13,0,11,0,Auto,FreeLocal,Standard,25,2,F
Adult,1268,F,M,2,94026.8,Y,27.746667,25,0,10,0,CC,FreeLocal,Intnl_discount,35,3,F
Adult,1270,F,S,2,57420.0,Y,42.0,25,0,252,1,Auto,Budget,Standard,277,3,F
Adult,1275,F,S,2,46945.0,N,65.0,18,4,26,0,CC,Budget,Standard,49,2,F
Adult,1276,M,M,0,3911.9,N,59.0,5,8,25,0,CC,Budget,Intnl_discount,39,1,F
Adult,1280,F,M,1,71502.5,N,57.0,0,0,0,0,CC,FreeLocal,Standard,0,2,F
Adult,1281,F,S,1,66000.0,N,52.0,22,0,63,0,Auto,FreeLocal,Standard,86,4,F
Adult,1282,F,M,1,95011.5,N,52.0,0,0,2,0,CC,FreeLocal,Standard,2,2,F
Adult,1290,F,S,0,2121.36,N,39.786667,2,0,36,1,CC,FreeLocal,Standard,38,1,T
Adult,1291,F,M,2,63566.1,Y,56.3,7,0,65,0,CH,Budget,Intnl_discount,73,3,F
Adult,1298,F,S,1,86252.8,Y,59.0,1,0,43,0,CC,Budget,Standard,45,4,F
Adult,1300,F,M,2,60485.5,N,41.666667,11,0,28,0,Auto,Budget,Intnl_discount,40,4,F
Adult,1302,F,M,0,55000.0,N,48.373333,0,0,28,0,CC,FreeLocal,Standard,29,4,T
Adult,1304,M,S,1,76529.8,N,58.28,18,5,20,0,CC,Budget,Standard,43,2,T
Adult,1306,M,M,0,23000.0,Y,61.02,28,0,45,0,CH,Budget,Standard,74,4,T
Adult,1311,F,M,0,53432.2,Y,57.0,12,0,83,0,CH,FreeLocal,Standard,96,1,F
Adult,1312,M,M,0,78894.2,N,52.74,2,1,43,0,CH,Budget,Intnl_discount,46,3,T
Adult,1313,M,S,1,16432.1,Y,20.92,20,8,80,0,CH,Budget,Intnl_discount,109,3,T
Adult,1318,F,S,1,33084.3,Y,50.313333,19,0,105,0,CH,Budget,Standard,125,1,F
Adult,1319,F,S,0,20913.6,N,53.013333,22,7,65,0,CC,FreeLocal,Standard,95,1,T
Adult,1322,F,S,1,540.4,Y,39.213333,12,0,7,0,Auto,Budget,Intnl_discount,20,4,T
Adult,1328,M,M,1,75799.9,N,46.38,22,7,64,0,CC,FreeLocal,Intnl_discount,94,2,T
Adult,1329,F,S,2,15688.5,N,53.06,14,0,8,0,CC,Budget,Standard,22,1,T
Adult,1334,F,S,0,38000.0,N,22.433333,22,8,75,0,CH,Budget,Intnl_discount,106,2,T
Adult,1341,M,M,0,70908.7,N,49.62,7,4,43,0,CC,FreeLocal,Standard,55,1,T
Adult,1346,M,M,0,78000.0,Y,50.0,16,4,18,0,CH,FreeLocal,Intnl_discount,39,2,T
Adult,1365,M,S,0,70000.0,Y,48.0,4,3,82,0,CH,Budget,Intnl_discount,90,3,T
Adult,1370,F,M,2,81913.8,Y,49.66,6,0,46,0,CC,FreeLocal,Standard,53,2,F
Adult,1377,F,M,0,14573.6,N,64.606667,26,0,236,0,CC,Budget,Standard,263,4,F
Adult,1385,M,M,1,69406.7,Y,46.826667,6,7,128,1,CC,FreeLocal,Standard,142,4,T
Adult,1387,F,M,2,83259.3,N,50.88,0,0,4,0,CC,Budget,Standard,4,1,F
Adult,1394,F,M,2,2185.6,N,52.513333,7,0,20,1,CH,Budget,Standard,28,3,F
Adult,1399,F,M,2,11234.7,Y,49.046667,0,0,112,0,CC,Budget,Standard,113,3,F
Adult,1408,M,S,0,66666.0,N,77.0,29,5,35,0,CC,Budget,Standard,70,3,T
Adult,1409,F,S,1,77000.0,Y,45.486667,20,0,100,0,Auto,Budget,Standard,120,2,F
Adult,1416,F,M,2,28267.0,N,30.093333,21,0,192,0,CC,FreeLocal,Standard,214,4,F
Adult,1418,F,M,2,36725.1,N,55.793333,8,9,77,0,CH,Budget,Standard,94,3,F
Adult,1425,F,M,2,91861.0,Y,41.98,15,0,6,0,CC,Budget,Standard,22,2,F
Adult,1432,F,M,2,30998.8,N,40.96,2,0,50,0,Auto,Budget,Standard,52,1,F
Adult,1438,M,M,2,21416.5,N,35.653333,9,9,8,0,CC,FreeLocal,Intnl_discount,27,1,F
Adult,1446,F,M,2,38215.9,N,30.886667,0,0,0,0,Auto,Budget,Standard,0,2,F
Adult,1448,F,M,2,49745.3,N,47.966667,2,0,24,0,CH,Budget,Intnl_discount,27,3,F
Adult,1451,F,M,2,98003.7,Y,26.273333,1,0,83,0,CC,FreeLocal,Intnl_discount,84,1,F
Adult,1453,F,S,0,74530.8,N,63.086667,20,0,106,0,Auto,FreeLocal,Intnl_discount,127,2,F
Adult,1455,F,S,0,40120.0,N,24.0,37,0,262,0,CC,Budget,Standard,265,3,T
Adult,1464,F,M,1,14085.5,N,24.0,39,0,26,0,Auto,FreeLocal,Intnl_discount,48,3,T
Adult,1465,F,S,0,32962.6,N,21.0,59,0,154,0,CC,Budget,Intnl_discount,168,4,T
Adult,1466,F,S,0,42000.0,N,22.0,43,0,61,0,CC,Budget,Standard,65,4,T
Adult,1469,F,S,2,42000.0,N,18.0,59,2,38,0,CC,FreeLocal,Standard,62,4,T
Adult,1486,F,S,0,15989.3,N,61.693333,3,0,25,1,CC,Budget,Intnl_discount,29,3,T
Adult,1487,M,M,0,69168.4,Y,62.426667,14,6,214,0,CC,Budget,Standard,234,4,T
Adult,1488,M,M,1,92148.5,Y,33.0,2,0,100,0,CC,Budget,Intnl_discount,113,2,F
Adult,1491,M,S,0,80221.2,N,29.026667,2,0,49,0,Auto,FreeLocal,Standard,50,2,F
Adult,1492,M,S,0,84479.2,N,32.0,1,0,43,0,CC,FreeLocal,Standard,56,2,F
Adult,1493,F,M,2,64977.4,N,38.193333,28,0,17,0,CC,FreeLocal,Standard,45,2,F
Adult,1494,F,M,0,77994.0,N,50.553333,12,0,89,0,CH,FreeLocal,Standard,102,1,T
Adult,1523,F,S,1,49072.0,N,62.0,23,0,10,0,Auto,Budget,Intnl_discount,34,2,F
Adult,1528,M,M,0,71472.9,N,41.913333,16,0,114,0,CH,Budget,Standard,130,1,T
Adult,1533,M,S,0,90478.6,N,54.553333,18,0,136,0,CH,FreeLocal,Standard,154,2,T
Adult,1547,M,S,2,96.33,N,56.473333,26,0,32,1,CC,Budget,Standard,59,4,F
Adult,1557,M,M,0,19749.3,N,60.366667,20,0,13,0,CC,Budget,Standard,34,1,F
Adult,1589,F,M,1,57063.0,Y,52.333333,16,0,81,0,CH,Budget,Standard,98,4,F
Adult,1596,F,S,1,7737.94,N,42.666667,11,0,50,0,CC,FreeLocal,Standard,61,3,T
Adult,1598,F,M,2,45287.6,Y,29.026667,0,0,2,0,CC,Budget,Standard,2,3,F
Adult,1623,M,M,1,97180.4,N,33.0,8,9,45,0,Auto,FreeLocal,Standard,63,2,F
Adult,1639,M,M,0,92881.8,N,21.38,2,6,85,0,CC,FreeLocal,Standard,93,2,F
Adult,1644,F,S,1,13109.1,N,62.606667,22,0,40,0,Auto,Budget,Standard,62,2,T
Adult,1647,M,S,0,74460.7,Y,55.34,25,0,179,0,CC,FreeLocal,Standard,206,2,T
Adult,1663,F,S,2,19131.1,N,56.186667,22,0,34,0,Auto,Budget,Standard,57,4,T
Adult,1675,F,S,2,6440.46,Y,70.0,22,0,27,0,CH,Budget,Standard,49,4,F
Adult,1676,F,S,0,7325.5,N,36.92,28,0,161,0,CC,FreeLocal,Intnl_discount,190,2,T
Adult,1694,M,M,2,1406.05,Y,19.306667,11,0,15,0,CC,Budget,Standard,26,2,F
Adult,1705,F,S,0,93322.1,Y,40.313333,29,0,8,0,CH,Budget,Intnl_discount,38,1,T
Adult,1718,F,S,1,12686.0,N,64.8,23,0,80,0,Auto,Budget,Standard,103,3,T
Adult,1734,F,S,2,14578.8,Y,60.933333,11,0,95,0,Auto,Budget,Standard,107,2,T
Adult,1742,F,M,2,87578.2,Y,53.366667,0,0,22,0,CC,Budget,Standard,22,2,F
Adult,1745,F,S,2,76791.2,N,55.0,20,0,23,0,CC,Budget,Intnl_discount,43,3,F
Adult,1754,F,M,0,83287.0,N,67.0,29,0,90,4,Auto,FreeLocal,Intnl_discount,119,3,F
Adult,1755,M,S,0,2056.06,Y,18.94,24,6,27,0,Auto,Budget,Standard,58,2,T
Adult,1756,F,M,2,7776.6,N,35.706667,25,0,68,0,CC,FreeLocal,Standard,94,4,F
Adult,1764,F,M,0,14932.5,N,42.0,4,0,6,0,CC,Budget,Intnl_discount,11,4,F
Adult,1765,F,S,0,27498.1,N,43.0,2,0,9,0,CC,Budget,Intnl_discount,12,1,F
Adult,1769,F,M,1,78000.0,Y,58.56,6,0,30,0,Auto,FreeLocal,Intnl_discount,37,4,F
Adult,1772,F,S,2,23464.0,Y,52.0,22,0,41,0,CC,Budget,Intnl_discount,64,1,T
Adult,1773,F,M,2,194.57,N,70.0,28,0,38,0,CC,FreeLocal,Standard,67,2,F
Adult,1775,M,M,0,65619.7,Y,52.0,13,0,144,0,CC,Budget,Standard,158,1,T
Adult,1777,F,S,0,85275.0,N,42.0,22,0,151,0,Auto,FreeLocal,Intnl_discount,174,4,F
Adult,1779,F,M,1,98453.6,Y,62.0,13,0,11,0,Auto,FreeLocal,Standard,25,1,F
Adult,1785,M,M,2,47639.1,N,43.0,17,0,39,0,CC,Budget,Intnl_discount,57,1,F
Adult,1786,F,M,2,63234.5,Y,52.36,0,0,1,0,CH,FreeLocal,Intnl_discount,1,1,F
Adult,1790,F,M,2,18296.4,Y,42.626667,0,0,10,0,CC,FreeLocal,Standard,10,3,F
Adult,1797,F,S,2,86747.1,N,64.853333,20,0,37,0,Auto,Budget,Standard,57,1,F
Adult,1799,F,M,1,87404.6,N,63.186667,21,0,139,0,Auto,Budget,Standard,160,4,F
Adult,1816,M,S,1,76529.8,N,58.28,18,5,20,0,CC,Budget,Standard,43,1,T
Adult,1825,M,S,1,16432.1,Y,20.92,20,8,80,0,CH,Budget,Intnl_discount,109,1,T
Adult,1826,M,M,1,62797.9,N,54.446667,8,4,55,0,CH,Budget,Intnl_discount,68,1,T
Adult,1841,F,S,2,15688.5,N,53.06,14,0,8,0,CC,Budget,Standard,22,3,T
Adult,1844,F,S,0,5185.31,N,62.053333,16,5,30,0,CC,FreeLocal,Intnl_discount,52,1,T
Adult,1851,F,S,2,11251.1,Y,47.0,28,0,113,0,CC,FreeLocal,Standard,141,4,T
Adult,1854,M,S,0,94928.3,N,40.18,14,5,73,0,CH,FreeLocal,Standard,93,1,T
Adult,1858,M,M,0,100020.0,Y,45.653333,16,4,18,0,CC,FreeLocal,Intnl_discount,39,1,T
Adult,1863,M,S,1,37626.0,N,33.866667,7,8,71,0,CH,Budget,Intnl_discount,87,2,F
Adult,1865,F,M,1,56722.8,N,60.593333,17,6,51,0,CC,FreeLocal,Standard,74,4,T
Adult,1869,F,M,0,73069.1,Y,55.633333,0,0,10,0,Auto,Budget,Standard,10,3,F
Adult,1870,M,M,1,80000.0,Y,53.213333,15,0,25,0,CC,FreeLocal,Standard,40,3,T
Adult,1871,F,M,2,8032.16,N,45.666667,29,0,59,0,CC,FreeLocal,Standard,88,1,F
Adult,1891,F,S,2,8392.14,Y,36.68,25,7,54,0,CH,Budget,Intnl_discount,87,1,T
Adult,1897,M,M,1,69406.7,Y,46.826667,6,7,128,1,CC,FreeLocal,Standard,142,4,T
Adult,1899,F,M,2,83259.3,N,50.88,0,0,4,0,CC,Budget,Standard,4,2,F
Adult,1908,M,M,1,76511.3,N,62.08,21,3,17,0,CC,FreeLocal,Standard,42,2,T
Adult,1913,F,M,2,36660.9,Y,39.96,0,0,3,1,CH,Budget,Intnl_discount,3,2,F
Adult,1915,F,M,2,68462.8,N,34.4,24,5,60,0,CC,FreeLocal,Standard,90,1,F
Adult,1919,M,M,1,63670.8,Y,46.146667,27,0,51,0,Auto,FreeLocal,Standard,78,1,T
Adult,1924,F,M,1,82931.3,N,64.64,19,0,118,0,Auto,FreeLocal,Standard,137,3,F
Adult,1928,F,M,2,28267.0,N,30.093333,21,0,192,0,CC,FreeLocal,Standard,214,4,F
Adult,1937,F,M,2,91861.0,Y,41.98,15,0,6,0,CC,Budget,Standard,22,1,F
Adult,1943,F,M,2,84948.0,Y,29.446667,11,0,12,0,CH,FreeLocal,Intnl_discount,23,1,F
Adult,1960,F,M,2,49745.3,N,47.966667,2,0,24,0,CH,Budget,Intnl_discount,27,2,F
Adult,1963,F,M,2,98003.7,Y,26.273333,1,0,83,0,CC,FreeLocal,Intnl_discount,84,4,F
Adult,1965,F,S,0,74530.8,N,63.086667,20,0,106,0,Auto,FreeLocal,Intnl_discount,127,3,F
Adult,1974,M,M,1,66931.9,N,63.933333,11,0,5,0,CC,Budget,Standard,17,4,T
Adult,1979,F,S,2,39000.0,N,22.0,28,0,35,0,Auto,Budget,Standard,41,1,T
Adult,1980,F,S,0,77726.4,N,56.72,14,0,9,0,Auto,Budget,Intnl_discount,23,1,F
Adult,1991,F,M,2,64816.6,Y,31.126667,21,0,6,0,CC,Budget,Standard,27,1,F
Adult,1997,M,M,0,96223.4,Y,64.76,11,0,5,0,CC,FreeLocal,Standard,18,1,T
Adult,1999,M,M,0,69168.4,Y,62.426667,14,6,214,0,CC,Budget,Standard,234,3,T
Adult,2000,M,M,1,92148.5,Y,30.0,7,0,100,0,CC,Budget,Intnl_discount,113,2,F
Adult,2001,M,M,0,96681.0,Y,19.76,8,7,40,0,CC,Budget,Standard,73,2,F
Adult,2003,M,S,0,80221.2,N,29.026667,7,0,49,0,Auto,FreeLocal,Standard,50,2,F
Adult,2013,F,S,1,73338.0,N,48.246667,20,0,9,0,Auto,Budget,Intnl_discount,29,2,F
Adult,2014,F,S,0,433.74,N,60.746667,3,0,40,0,CC,FreeLocal,Standard,44,4,T
Adult,2015,F,M,2,16962.2,N,45.36,18,0,8,0,CC,Budget,Standard,27,2,F
Adult,2017,M,M,2,10708.3,N,26.026667,20,4,117,0,CH,Budget,Intnl_discount,142,4,F
Adult,2024,F,S,2,16938.5,N,46.0,13,0,8,0,CH,FreeLocal,Standard,22,4,F
Adult,2029,M,M,0,95448.6,Y,53.68,24,0,5,0,CH,Budget,Standard,29,4,F
Adult,2034,F,S,0,42760.5,N,52.0,13,0,40,0,CC,Budget,Standard,53,1,F
Adult,2036,F,M,0,27371.8,Y,43.0,16,0,126,0,CC,FreeLocal,Standard,142,2,F
Adult,2044,M,S,0,90321.6,N,55.113333,0,0,11,0,CH,FreeLocal,Intnl_discount,12,1,T
Adult,2045,M,D,1,90478.6,N,54.553333,18,0,136,0,CC,FreeLocal,Standard,154,1,T
Adult,2062,M,M,2,20078.0,N,32.846667,9,0,6,0,CC,Budget,Intnl_discount,15,4,F
Adult,2068,M,S,2,89459.9,N,53.28,11,1,22,0,CC,FreeLocal,Standard,36,2,T
Adult,2071,F,S,1,13576.5,N,39.426667,14,0,25,0,CC,Budget,Standard,40,3,T
Adult,2083,M,S,1,92647.5,N,56.046667,16,5,10,0,CC,Budget,Standard,32,1,T
Adult,2084,M,S,2,21021.6,Y,62.753333,3,0,11,0,CC,Budget,Standard,14,2,F
Adult,2093,F,M,2,62061.8,Y,45.92,29,0,52,0,Auto,FreeLocal,Standard,82,1,F
Adult,2102,F,S,2,6440.46,Y,48.0,22,0,27,0,CH,Budget,Standard,49,2,F
Adult,2109,M,M,2,91272.2,Y,25.033333,26,0,13,0,CC,FreeLocal,Standard,40,3,F
Adult,2117,M,M,1,64792.3,N,52.146667,13,1,36,0,CH,FreeLocal,Standard,51,2,T
Adult,2119,F,S,0,93322.1,Y,40.313333,29,0,8,0,CH,Budget,Intnl_discount,38,1,T
Adult,2131,M,M,2,57360.8,Y,53.253333,10,0,57,0,CC,FreeLocal,Standard,67,4,F
Adult,2145,F,M,1,83287.0,Y,47.0,6,0,30,0,Auto,FreeLocal,Intnl_discount,37,1,F
Adult,2146,F,M,1,98680.4,Y,42.0,17,0,8,0,CH,FreeLocal,Intnl_discount,26,4,F
Adult,2154,M,M,0,66000.0,N,46.0,3,3,26,1,CH,FreeLocal,Standard,34,4,T
Adult,2155,M,M,2,47639.1,N,48.0,17,0,39,0,CC,Budget,Intnl_discount,57,1,F
Adult,2158,F,S,0,39461.0,N,22.226667,22,0,103,1,CC,FreeLocal,Standard,126,4,T
Adult,2159,M,M,1,47371.0,Y,54.96,4,7,258,0,CC,Budget,Intnl_discount,270,4,F
Adult,2168,F,M,2,59691.3,N,38.04,21,0,256,0,CC,Budget,Standard,278,2,F
Adult,2173,F,S,2,93559.1,N,57.62,1,0,29,0,CC,Budget,Standard,31,4,F
Adult,2183,F,M,2,11234.7,Y,49.046667,0,0,112,0,CC,Budget,Standard,113,1,F
Adult,2184,M,M,0,12387.6,N,56.173333,0,0,65,0,Auto,FreeLocal,Standard,93,2,F
Adult,2188,F,S,2,21274.0,N,45.526667,10,0,32,0,Auto,FreeLocal,Standard,43,1,T
Adult,2191,F,M,2,36725.1,N,55.793333,8,9,77,0,CH,Budget,Standard,94,4,F
Adult,2202,F,M,2,69133.9,Y,26.833333,8,0,37,0,CH,FreeLocal,Standard,46,1,T
Adult,2221,F,M,2,98003.7,Y,26.273333,1,0,83,0,CC,FreeLocal,Intnl_discount,84,4,F
Adult,2222,M,S,0,89142.7,N,53.693333,3,8,5,0,CC,Budget,Intnl_discount,16,3,T
Adult,2223,F,S,0,74530.8,N,63.086667,20,0,106,0,Auto,FreeLocal,Intnl_discount,127,4,F
Adult,2233,M,M,2,9309.57,Y,25.44,8,0,99,0,CC,FreeLocal,Standard,108,1,F
Adult,2234,F,M,1,32962.6,N,23.0,59,0,26,0,Auto,FreeLocal,Intnl_discount,48,1,T
Adult,2235,F,S,0,42000.0,N,24.0,43,0,154,0,CC,Budget,Intnl_discount,168,4,T
Adult,2236,F,S,0,43000.0,N,21.0,42,0,61,0,CC,Budget,Standard,65,3,T
Adult,2243,F,M,2,90271.6,N,44.926667,13,0,96,0,CC,FreeLocal,Standard,110,3,F
Adult,2253,M,M,0,96681.0,Y,19.76,5,7,40,0,CC,Budget,Standard,73,2,F
Adult,2255,M,S,0,80221.2,N,29.026667,0,0,49,0,Auto,FreeLocal,Standard,50,2,F
Adult,2260,F,S,1,73338.0,N,48.246667,20,0,9,0,Auto,Budget,Intnl_discount,29,4,F
Adult,2267,F,M,0,2031.61,N,20.3,21,0,87,0,CC,Budget,Standard,109,2,T
Adult,2279,M,S,2,72084.7,N,55.64,29,0,9,0,CC,Budget,Intnl_discount,38,3,F
Adult,2280,F,S,0,42760.5,N,42.0,13,0,40,0,CC,Budget,Standard,53,2,F
Adult,2285,M,M,0,71472.9,N,41.913333,16,0,114,0,CH,Budget,Standard,130,3,T
Adult,2286,F,M,0,95405.7,N,46.0,7,0,6,0,CC,Budget,Standard,13,2,F
Adult,2289,M,S,0,90321.6,N,55.113333,0,0,11,0,CH,FreeLocal,Intnl_discount,12,4,T
Adult,2304,M,M,0,19749.3,N,60.366667,20,0,13,0,CC,Budget,Standard,34,4,F
Adult,2306,M,M,2,20078.0,N,32.846667,9,0,6,0,CC,Budget,Intnl_discount,15,1,F
Adult,2312,M,S,2,89459.9,N,53.28,11,1,22,0,CC,FreeLocal,Standard,36,4,T
Adult,2317,F,M,2,42031.8,N,50.753333,20,0,39,0,CH,Budget,Intnl_discount,59,2,F
Adult,2322,M,S,2,43634.5,N,21.78,29,9,104,0,CC,Budget,Standard,143,3,T
Adult,2326,F,S,1,13109.1,N,62.606667,22,0,40,0,Auto,Budget,Standard,62,2,T
Adult,2327,M,S,1,92647.5,N,56.046667,16,5,10,0,CC,Budget,Standard,32,4,T
Adult,2329,M,S,0,74460.7,Y,55.34,25,0,179,0,CC,FreeLocal,Standard,206,1,T
Adult,2331,F,S,2,28787.4,N,41.666667,27,0,58,0,Auto,Budget,Standard,86,1,T
Adult,2363,F,M,1,20550.9,Y,22.12,27,0,57,0,CC,Budget,Standard,85,4,T
Adult,2366,M,M,2,1765.41,N,18.766667,3,0,44,0,CC,FreeLocal,Standard,47,4,F
Adult,2371,F,S,2,6440.46,Y,41.0,22,0,27,0,CH,Budget,Standard,49,4,F
Adult,2392,M,M,0,76161.4,Y,44.573333,11,0,25,0,CC,FreeLocal,Standard,37,1,T
Adult,2401,M,M,0,92414.7,Y,45.513333,29,0,10,0,CC,FreeLocal,Standard,40,3,T
Adult,2404,F,M,2,87578.2,Y,53.366667,0,0,22,0,CC,Budget,Standard,22,3,F
Adult,2415,F,M,1,98680.4,Y,48.0,17,0,8,0,CH,FreeLocal,Intnl_discount,26,3,F
Adult,2416,M,M,1,65619.7,Y,52.646667,13,0,144,0,CC,Budget,Standard,158,2,T
Adult,2417,F,M,1,95620.3,Y,52.646667,10,0,93,0,CC,Budget,Standard,104,3,F
Adult,2427,F,S,0,39461.0,N,22.226667,22,0,103,1,CC,FreeLocal,Standard,126,1,T
Adult,2428,M,M,1,47371.0,Y,54.96,4,7,258,0,CC,Budget,Intnl_discount,270,4,F
Adult,2434,F,S,1,540.4,Y,39.213333,12,0,7,0,Auto,Budget,Intnl_discount,20,2,T
Adult,2437,F,M,2,59691.3,N,38.04,21,0,256,0,CC,Budget,Standard,278,4,F
Adult,2438,F,S,2,11251.1,Y,41.0,28,0,113,0,CC,FreeLocal,Standard,141,2,T
Adult,2454,F,M,1,82931.3,N,64.64,19,0,118,0,Auto,FreeLocal,Standard,137,1,F
Adult,2457,F,S,2,21274.0,N,45.526667,10,0,32,0,Auto,FreeLocal,Standard,43,3,T
Adult,2458,F,M,2,28267.0,N,30.093333,21,0,192,0,CC,FreeLocal,Standard,214,2,F
Adult,2464,M,S,1,94188.3,N,57.546667,20,0,19,0,CC,Budget,Standard,41,4,T
Adult,2480,M,M,2,21416.5,N,35.653333,9,9,8,0,CC,FreeLocal,Intnl_discount,27,3,F
Adult,2486,F,M,1,30000.0,N,21.0,33,0,160,0,CC,FreeLocal,Standard,176,1,T
Adult,2487,F,M,2,49745.3,N,47.966667,2,0,24,0,CH,Budget,Intnl_discount,27,2,F
Adult,2492,F,S,0,74530.8,N,63.086667,20,0,106,0,Auto,FreeLocal,Intnl_discount,127,4,F
Adult,2499,F,M,2,76289.2,N,48.206667,22,0,82,0,CC,Budget,Intnl_discount,104,3,F
Adult,2504,F,S,0,42000.0,N,21.0,39,0,154,0,CC,Budget,Intnl_discount,168,3,T
Adult,2505,F,S,0,39000.0,N,22.0,59,0,61,0,CC,Budget,Standard,65,1,T
Adult,2507,F,D,1,77726.4,N,56.72,14,0,9,0,Auto,Budget,Intnl_discount,23,3,F
Adult,2509,F,S,1,2800.68,N,45.673333,28,0,106,0,CC,Budget,Standard,134,1,T
Adult,2543,F,M,1,8073.11,N,47.0,28,0,60,0,Auto,FreeLocal,Standard,89,4,F
Adult,2544,M,M,0,95448.6,Y,53.68,24,0,5,0,CH,Budget,Standard,29,3,F
Adult,2546,M,S,2,63152.6,Y,63.173333,29,0,40,0,CC,Budget,Intnl_discount,70,4,F
Adult,2554,M,M,1,71472.9,N,41.913333,16,0,114,0,CH,Budget,Standard,130,1,T
Adult,2559,M,S,0,90478.6,N,54.553333,18,0,136,0,CH,FreeLocal,Standard,154,4,T
Adult,2560,F,M,2,56187.0,N,43.0,8,0,13,0,CH,Budget,Standard,21,3,F
Adult,2563,F,S,1,35000.0,N,24.393333,23,0,206,0,CC,Budget,Intnl_discount,229,2,T
Adult,2565,M,M,0,9780.66,N,24.546667,2,7,11,1,CC,FreeLocal,Standard,21,2,F
Adult,2570,M,M,0,75004.5,N,64.8,26,0,32,0,CC,Budget,Intnl_discount,58,1,F
Adult,2575,M,S,0,20078.0,N,32.846667,9,0,6,0,CC,Budget,Intnl_discount,15,2,F
Adult,2584,F,S,1,13576.5,N,39.426667,14,0,25,0,CC,Budget,Standard,40,3,T
Adult,2598,M,S,0,74460.7,Y,55.34,25,0,179,0,CC,FreeLocal,Standard,206,1,T
Adult,2601,F,S,1,94278.7,Y,53.12,26,0,9,0,CC,FreeLocal,Standard,36,1,F
Adult,2605,F,S,0,64335.0,Y,19.066667,17,0,137,2,CC,FreeLocal,Standard,154,1,F
Adult,2608,F,S,0,76142.0,N,32.02,28,0,84,0,CC,FreeLocal,Standard,112,2,F
Adult,2610,M,S,1,1765.41,N,18.766667,3,0,44,0,CC,FreeLocal,Standard,47,2,F
Adult,2611,F,S,2,19131.1,N,56.186667,22,0,34,0,Auto,Budget,Standard,57,4,T
Adult,2617,M,M,2,28766.9,N,46.84,6,0,58,0,CC,Budget,Standard,64,3,F
Adult,2618,F,M,1,56722.8,N,60.593333,17,6,51,0,CC,FreeLocal,Standard,74,3,F
Adult,2635,M,M,2,49910.7,Y,51.52,27,0,23,0,CC,Budget,Standard,51,3,F
Adult,2644,M,M,2,57360.8,Y,53.253333,10,0,57,0,CC,FreeLocal,Standard,67,1,F
Adult,2661,F,M,1,95620.3,Y,46.0,10,0,93,0,CC,Budget,Standard,104,2,F
Adult,2664,F,M,1,98453.6,Y,52.0,13,0,11,0,Auto,FreeLocal,Standard,25,3,F
Adult,2672,M,M,1,47371.0,Y,54.96,4,7,258,0,CC,Budget,Intnl_discount,270,2,F
Adult,2678,F,S,1,540.4,Y,39.213333,12,0,7,0,Auto,Budget,Intnl_discount,20,1,T
Adult,2680,F,M,2,80087.7,N,41.92,8,0,22,0,CC,FreeLocal,Standard,31,2,F
Adult,2696,F,M,2,11234.7,Y,49.046667,0,0,112,0,CC,Budget,Standard,113,4,F
Adult,2704,F,M,2,36725.1,N,55.793333,8,9,77,0,CH,Budget,Standard,94,2,F
Adult,2708,M,S,1,94188.3,N,57.546667,20,0,19,0,CC,Budget,Standard,41,1,T
Adult,2711,F,M,2,91861.0,Y,41.98,15,0,6,0,CC,Budget,Standard,22,1,F
Adult,2714,F,S,1,12374.9,Y,33.493333,17,0,106,0,Auto,FreeLocal,Standard,123,4,T
Adult,2718,F,M,2,30998.8,N,40.96,2,0,50,0,Auto,Budget,Standard,52,2,F
Adult,2731,F,M,2,49745.3,N,47.966667,2,0,24,0,CH,Budget,Intnl_discount,27,4,F
Adult,2735,M,S,0,89142.7,N,32.0,3,8,5,0,CC,Budget,Intnl_discount,16,2,F
Adult,2738,F,S,0,32962.6,N,23.0,45,0,262,0,CC,Budget,Standard,265,1,T
Adult,2743,F,M,2,76289.2,N,48.206667,22,0,82,0,CC,Budget,Intnl_discount,104,4,F
Adult,2746,M,M,2,9309.57,Y,25.44,8,0,99,0,CC,FreeLocal,Standard,108,1,F
Adult,2748,F,S,0,43000.0,N,24.0,28,0,154,0,CC,Budget,Intnl_discount,168,4,T
Adult,2771,F,M,2,36647.9,N,49.986667,21,0,85,0,CC,Budget,Intnl_discount,107,1,T
Adult,2773,F,S,1,73338.0,N,48.246667,20,0,9,0,Auto,Budget,Intnl_discount,29,3,F
Adult,2790,M,S,2,63152.6,Y,63.173333,29,0,40,0,CC,Budget,Intnl_discount,70,4,F
Adult,2798,M,M,1,71472.9,N,41.913333,16,0,114,0,CH,Budget,Standard,130,3,T
Adult,2803,M,S,0,90478.6,N,54.553333,18,0,136,0,CC,FreeLocal,Standard,154,2,T
Adult,2804,F,M,2,56187.0,N,52.646667,8,0,13,0,CH,Budget,Standard,21,2,F
Adult,2813,M,M,2,53010.8,N,18.84,12,0,46,4,CC,FreeLocal,Standard,58,1,F
Adult,2819,M,M,2,20078.0,N,32.846667,9,0,6,0,CC,Budget,Intnl_discount,15,4,F
Adult,2827,F,S,1,37000.0,N,24.393333,23,0,206,0,CC,Budget,Intnl_discount,229,1,T
Adult,2837,M,M,0,19749.3,N,60.366667,20,0,13,0,CC,Budget,Standard,34,1,F
Adult,2838,M,S,1,57626.9,Y,43.906667,9,0,38,0,CC,Budget,Standard,48,3,F
Adult,2851,F,S,1,97689.2,N,59.073333,6,0,8,0,CC,FreeLocal,Standard,14,4,T
Adult,2852,F,S,1,75397.8,Y,57.66,24,0,35,0,CC,FreeLocal,Standard,60,4,T
Adult,2853,F,M,1,49453.8,N,55.073333,17,0,12,0,CC,Budget,Standard,29,4,T
Adult,2861,F,S,2,21021.6,Y,62.753333,3,0,11,0,CC,Budget,Standard,14,4,T
Adult,2866,F,M,0,83900.2,N,45.04,28,0,8,0,CC,FreeLocal,Intnl_discount,36,4,T
Adult,2868,F,M,0,91708.4,N,37.293333,17,0,31,0,CH,Budget,Intnl_discount,48,4,T
Adult,2879,F,S,2,6440.46,Y,61.0,22,0,27,0,CH,Budget,Standard,49,1,F
Adult,2891,F,S,0,73228.3,N,55.0,22,0,28,0,Auto,Budget,Standard,50,3,F
Adult,2899,M,M,2,49910.7,Y,51.52,27,0,23,0,CC,Budget,Standard,51,4,F
Adult,2900,M,M,0,76161.4,Y,44.573333,11,0,25,0,CC,FreeLocal,Standard,37,1,T
Adult,2918,M,M,1,2067.82,N,47.853333,15,0,70,0,CC,Budget,Intnl_discount,85,3,F
Adult,2925,F,M,1,95620.3,Y,49.12,10,0,93,0,CC,Budget,Standard,104,4,F
Adult,2928,F,M,1,98453.6,Y,43.0,13,0,11,0,Auto,FreeLocal,Standard,25,4,F
Adult,2931,M,M,0,58986.2,N,26.98,3,3,26,1,CH,FreeLocal,Standard,34,2,F
Adult,2932,F,M,2,47639.1,N,42.0,17,0,39,0,CC,Budget,Intnl_discount,57,3,F
Adult,2936,M,M,1,47371.0,Y,54.96,4,7,258,0,CC,Budget,Intnl_discount,270,4,F
Adult,2942,F,S,1,540.4,Y,39.213333,12,0,7,0,Auto,Budget,Intnl_discount,20,4,T
Adult,2946,F,S,2,11251.1,Y,61.0,28,0,113,0,CC,FreeLocal,Standard,141,4,T
Adult,2959,F,M,1,30000.0,N,20.0,59,0,8,0,CH,FreeLocal,Standard,34,2,T
Adult,2960,F,M,2,11234.7,Y,49.046667,0,0,112,0,CC,Budget,Standard,113,3,F
Adult,2962,F,M,1,82931.3,N,64.64,19,0,118,0,Auto,FreeLocal,Standard,137,3,F
Adult,2972,M,S,1,94188.3,N,57.546667,20,0,19,0,CC,Budget,Standard,41,2,T
Adult,2979,F,M,2,69133.9,Y,26.833333,8,0,37,0,CH,FreeLocal,Standard,46,2,F
Adult,2981,F,M,2,84948.0,Y,29.446667,11,0,12,0,CH,FreeLocal,Intnl_discount,23,1,F
Adult,2995,F,M,2,49745.3,N,47.966667,2,0,24,0,CH,Budget,Intnl_discount,27,4,F
Adult,3002,F,S,0,32962.6,N,24.0,42,0,262,0,CC,Budget,Standard,265,4,T
Adult,3009,M,M,1,66931.9,N,63.933333,11,0,5,0,CC,Budget,Standard,17,3,T
Adult,3011,F,M,1,28000.0,N,23.0,45,0,26,0,Auto,FreeLocal,Intnl_discount,48,3,T
Adult,3013,F,S,0,32962.6,N,21.0,45,0,61,0,CC,Budget,Standard,65,2,T
Adult,3020,F,M,2,90271.6,N,44.926667,13,0,96,0,CC,FreeLocal,Standard,110,2,F
Adult,3034,M,S,1,84978.1,N,21.64,5,7,76,0,CH,FreeLocal,Intnl_discount,88,2,F
Adult,3038,F,S,0,433.74,N,60.746667,3,0,40,0,CC,FreeLocal,Standard,44,2,T
Adult,3039,F,M,2,16962.2,N,45.36,18,0,8,0,CC,Budget,Standard,27,2,F
Adult,3044,F,M,0,2031.61,N,20.3,21,0,87,0,CC,Budget,Standard,109,4,T
Adult,3047,F,S,2,16938.5,N,48.0,13,0,8,0,CH,FreeLocal,Standard,22,1,F
Adult,3050,F,M,0,55221.0,N,62.0,0,0,15,0,CC,FreeLocal,Standard,15,1,F
Adult,3052,M,M,0,95448.6,Y,53.68,24,0,5,0,CH,Budget,Standard,29,1,F
Adult,3057,F,S,0,42760.5,N,43.0,13,0,40,0,CC,Budget,Standard,53,3,F
Adult,3068,F,M,2,56187.0,N,43.0,8,0,13,0,CH,Budget,Standard,21,1,F
Adult,3078,M,M,0,75004.5,N,64.8,26,0,32,0,CC,Budget,Intnl_discount,58,4,F
Adult,3084,F,M,2,47902.0,N,26.033333,17,4,49,1,Auto,FreeLocal,Standard,72,4,F
Adult,3099,M,S,2,43634.5,N,21.78,29,9,104,0,CC,Budget,Standard,143,1,T
Adult,3105,F,S,2,21021.6,Y,62.753333,3,0,11,0,CC,Budget,Standard,14,4,T
Adult,3119,F,S,2,19131.1,N,56.186667,22,0,34,0,Auto,Budget,Standard,57,2,T
Adult,3125,M,M,2,28766.9,N,46.84,6,0,58,0,CC,Budget,Standard,64,4,F
Adult,3138,M,M,1,64792.3,N,52.146667,13,1,36,0,CH,FreeLocal,Standard,51,4,T
Adult,3143,M,M,2,49910.7,Y,51.52,27,0,23,0,CC,Budget,Standard,51,3,F
Adult,3156,F,M,2,87578.2,Y,53.366667,0,0,22,0,CC,Budget,Standard,22,3,F
Adult,3165,M,M,2,30665.2,Y,22.88,5,8,63,0,Auto,FreeLocal,Standard,77,1,F
Adult,3166,F,M,1,78000.0,Y,56.193333,6,0,30,0,Auto,FreeLocal,Intnl_discount,37,1,F
Adult,3168,F,M,2,65619.7,Y,46.0,13,0,144,0,CC,Budget,Standard,158,3,F
Adult,3170,F,S,0,85275.0,N,47.0,22,0,151,0,Auto,FreeLocal,Intnl_discount,174,1,F
Adult,3171,F,M,1,66921.4,Y,43.0,15,0,8,0,CC,FreeLocal,Intnl_discount,24,1,F
Adult,3174,F,S,2,57420.0,Y,48.0,25,0,252,1,Auto,Budget,Standard,277,1,F
Adult,3177,M,M,0,3911.9,N,38.413333,5,8,25,0,CC,Budget,Intnl_discount,39,2,F
Adult,3183,M,S,1,16432.1,Y,20.92,20,8,80,0,CH,Budget,Intnl_discount,109,3,T
Adult,3188,F,M,2,80087.7,N,41.92,8,0,22,0,CC,FreeLocal,Standard,31,4,F
Adult,3190,F,S,2,11251.1,Y,52.0,28,0,113,0,CC,FreeLocal,Standard,141,2,T
Adult,3194,F,S,2,93559.1,N,57.62,1,0,29,0,CC,Budget,Standard,31,4,F
Adult,3206,F,M,1,82931.3,N,64.64,19,0,118,0,Auto,FreeLocal,Standard,137,2,F
Adult,3216,M,S,1,94188.3,N,57.546667,20,0,19,0,CC,Budget,Standard,41,2,T
Adult,3222,F,S,1,12374.9,Y,33.493333,17,0,106,0,Auto,FreeLocal,Standard,123,1,T
Adult,3223,F,M,2,69133.9,Y,26.833333,8,0,37,0,CH,FreeLocal,Standard,46,1,T
Adult,3226,F,M,2,30998.8,N,40.96,2,0,50,0,Auto,Budget,Standard,52,1,F
Adult,3244,F,S,0,74530.8,N,63.086667,20,0,106,0,Auto,FreeLocal,Intnl_discount,127,4,F
Adult,3251,F,M,2,76289.2,N,48.206667,22,0,82,0,CC,Budget,Intnl_discount,104,3,F
Adult,3253,M,M,1,66931.9,N,63.933333,11,0,5,0,CC,Budget,Standard,17,1,T
Adult,3259,F,S,0,77726.4,N,56.72,14,0,9,0,Auto,Budget,Intnl_discount,23,3,F
Adult,3264,F,M,2,90271.6,N,44.926667,13,0,96,0,CC,FreeLocal,Standard,110,2,F
Adult,3280,F,S,0,64319.2,N,41.226667,3,0,37,0,CH,Budget,Intnl_discount,40,1,T
Adult,3283,F,M,2,16962.2,N,45.36,18,0,8,0,CC,Budget,Standard,27,2,F
Adult,3291,F,S,2,16938.5,N,52.646667,13,0,8,0,CH,FreeLocal,Standard,22,4,F
Adult,3301,F,S,0,42760.5,N,46.0,13,0,40,0,CC,Budget,Standard,53,2,F
Adult,3303,F,M,0,27371.8,Y,61.0,16,0,126,0,CC,FreeLocal,Standard,142,1,F
Adult,3308,M,S,0,95786.8,Y,57.553333,21,0,87,0,CC,Budget,Standard,108,4,T
Adult,3311,M,D,1,90478.6,N,54.553333,18,0,136,0,CC,FreeLocal,Standard,154,4,T
Adult,3322,M,M,2,75004.5,N,64.8,26,0,32,0,CC,Budget,Intnl_discount,58,4,F
Adult,3325,M,M,0,19749.3,N,60.366667,20,0,13,0,CC,Budget,Standard,34,4,F
Adult,3326,M,S,1,57626.9,Y,43.906667,9,0,38,0,CC,Budget,Standard,48,2,F
Adult,3333,M,S,2,89459.9,N,53.28,11,1,22,0,CC,FreeLocal,Standard,36,4,T
Adult,3338,F,M,2,42031.8,N,50.753333,20,0,39,0,CH,Budget,Intnl_discount,59,3,F
Adult,3382,M,M,1,64792.3,N,52.146667,13,1,36,0,CH,FreeLocal,Standard,51,4,T
Adult,3387,M,M,2,49910.7,Y,51.52,27,0,23,0,CC,Budget,Standard,51,2,F
Adult,3405,F,M,0,83287.0,N,58.56,29,0,90,4,Auto,FreeLocal,Intnl_discount,119,3,F
Adult,3406,M,M,1,2067.82,N,47.853333,15,0,70,0,CC,Budget,Intnl_discount,85,1,F
Adult,3411,M,M,1,98680.4,Y,58.706667,17,0,8,0,CH,FreeLocal,Intnl_discount,26,3,T
Adult,3412,F,M,2,65619.7,Y,52.646667,13,0,144,0,CC,Budget,Standard,158,2,F
Adult,3415,F,M,1,66921.4,Y,47.0,15,0,8,0,CC,FreeLocal,Intnl_discount,24,2,F
Adult,3416,F,M,1,98453.6,Y,48.0,13,0,11,0,Auto,FreeLocal,Standard,25,1,F
Adult,3418,F,S,2,57420.0,Y,62.0,25,0,252,1,Auto,Budget,Standard,277,1,F
Adult,3423,F,S,0,39461.0,N,22.226667,22,0,103,1,CC,FreeLocal,Standard,126,4,T
Adult,3424,M,M,1,47371.0,Y,54.96,4,7,258,0,CC,Budget,Intnl_discount,270,4,F
Adult,3438,F,S,2,93559.1,N,57.62,1,0,29,0,CC,Budget,Standard,31,4,F
Adult,3439,F,S,2,3416.62,Y,22.76,18,0,104,0,CC,Budget,Standard,123,2,T
Adult,3440,F,S,1,93454.3,Y,48.533333,18,0,25,0,Auto,FreeLocal,Standard,44,3,F
Adult,3448,F,M,2,11234.7,Y,49.046667,0,0,112,0,CC,Budget,Standard,113,4,F
Adult,3454,F,M,2,28267.0,N,30.093333,21,0,192,0,CC,FreeLocal,Standard,214,1,F
Adult,3463,F,M,2,91861.0,Y,41.98,15,0,6,0,CC,Budget,Standard,22,2,F
Adult,3470,F,M,2,30998.8,N,40.96,2,0,50,0,Auto,Budget,Standard,52,2,F
Adult,3483,F,M,2,49745.3,N,47.966667,2,0,24,0,CH,Budget,Intnl_discount,27,2,F
Adult,3486,F,M,2,98003.7,Y,26.273333,1,0,83,0,CC,FreeLocal,Intnl_discount,84,2,F
Adult,3488,F,S,0,74530.8,N,63.086667,20,0,106,0,Auto,FreeLocal,Intnl_discount,127,1,F
Adult,3503,F,S,0,77726.4,N,56.72,14,0,9,0,Auto,Budget,Intnl_discount,23,2,F
Adult,3513,F,M,2,98217.1,N,44.98,29,0,13,0,CC,FreeLocal,Standard,42,3,F
Adult,3523,F,M,2,36647.9,N,49.986667,21,0,85,0,CC,Budget,Intnl_discount,107,1,T
Adult,3524,F,S,0,64319.2,N,41.226667,3,0,37,0,CH,Budget,Intnl_discount,40,1,T
Adult,3527,F,M,2,16962.2,N,45.36,18,0,8,0,CC,Budget,Standard,27,3,F
Adult,3529,M,M,2,10708.3,N,26.026667,20,4,117,0,CH,Budget,Intnl_discount,142,1,F
Adult,3539,F,M,1,8073.11,N,70.0,28,0,60,0,Auto,FreeLocal,Standard,89,3,F
Adult,3540,M,M,1,95448.6,Y,53.68,24,0,5,0,CH,Budget,Standard,29,3,F
Adult,3545,F,S,0,42760.5,N,61.0,13,0,40,0,CC,Budget,Standard,53,4,F
Adult,3546,F,S,1,49072.0,N,55.0,23,0,10,0,Auto,Budget,Intnl_discount,34,1,F
Adult,3547,F,M,0,27371.8,Y,52.0,16,0,126,0,CC,FreeLocal,Standard,142,3,F
Adult,3552,M,S,0,95786.8,Y,57.553333,21,0,87,0,CC,Budget,Standard,108,3,T
Adult,3555,M,S,1,90478.6,N,54.553333,18,0,136,0,CH,FreeLocal,Standard,154,1,T
Adult,3566,M,M,1,75004.5,N,64.8,26,0,32,0,CC,Budget,Intnl_discount,58,3,F
Adult,3592,M,S,1,92647.5,N,56.046667,16,5,10,0,CC,Budget,Standard,32,4,T
Adult,3603,F,M,1,20550.9,Y,22.12,27,0,57,0,CC,Budget,Standard,85,1,T
Adult,3606,M,M,2,1765.41,N,18.766667,3,0,44,0,CC,FreeLocal,Standard,47,4,F
Adult,3607,F,S,2,19131.1,N,56.186667,22,0,34,0,Auto,Budget,Standard,57,3,T
Adult,3632,M,M,1,76161.4,Y,44.573333,11,0,25,0,CC,FreeLocal,Standard,37,4,T
Adult,3649,F,M,0,77000.0,N,47.0,29,0,90,4,Auto,FreeLocal,Intnl_discount,119,3,F
Adult,3650,M,M,1,2067.82,N,47.853333,15,0,70,0,CC,Budget,Intnl_discount,85,1,F
Adult,3654,F,M,1,83287.0,Y,46.0,6,0,30,0,Auto,FreeLocal,Intnl_discount,37,4,F
Adult,3655,M,M,1,98680.4,Y,58.706667,17,0,8,0,CH,FreeLocal,Intnl_discount,26,2,T
Adult,3656,F,M,2,65619.7,Y,46.0,13,0,144,0,CC,Budget,Standard,158,1,F
Adult,3657,M,M,1,95620.3,Y,49.12,10,0,93,0,CC,Budget,Standard,104,3,T
Adult,3671,M,S,1,16432.1,Y,20.92,20,8,80,0,CH,Budget,Intnl_discount,109,3,T
Adult,3675,M,M,2,59613.1,N,34.32,12,0,163,0,CC,Budget,Intnl_discount,175,1,T
Adult,3676,F,M,2,80087.7,N,41.92,8,0,22,0,CC,FreeLocal,Standard,31,2,F
Adult,3681,M,M,1,84166.1,N,54.013333,3,0,11,1,CC,Budget,Standard,15,1,T
Adult,3682,F,S,2,93559.1,N,57.62,1,0,29,0,CC,Budget,Standard,31,4,F
Adult,3687,M,M,2,45429.7,Y,61.713333,24,0,73,0,CH,FreeLocal,Standard,97,3,T
Adult,3692,F,M,2,11234.7,Y,49.046667,0,0,112,0,CC,Budget,Standard,113,1,F
Adult,3699,M,M,2,45429.7,Y,61.713333,24,0,73,0,CH,FreeLocal,Standard,97,2,T
Adult,3705,M,D,1,84166.1,N,33.0,3,0,11,1,CC,Budget,Standard,15,2,F
Adult,3707,F,M,2,91861.0,Y,41.98,15,0,6,0,CC,Budget,Standard,22,1,F
Adult,3712,M,M,0,84166.1,N,54.013333,3,0,11,1,CC,Budget,Standard,15,1,T
Adult,3715,M,M,2,59613.1,N,34.32,12,0,163,0,CC,Budget,Intnl_discount,200,2,T
Adult,3719,M,M,2,59613.1,N,34.32,12,0,163,0,CC,Budget,Intnl_discount,134,4,T
Adult,3723,M,M,1,84166.1,N,54.013333,3,0,11,1,CC,Budget,Standard,15,1,T
Adult,3725,F,M,2,38215.9,N,30.886667,0,0,0,0,Auto,Budget,Standard,0,2,F
Adult,3747,F,S,0,77726.4,N,56.72,14,0,9,0,Auto,Budget,Intnl_discount,23,1,F
Adult,3752,F,M,2,90271.6,N,44.926667,13,0,96,0,CC,FreeLocal,Standard,110,3,F
Adult,3757,F,M,2,98217.1,N,44.98,29,0,13,0,CC,FreeLocal,Standard,42,2,F
Adult,3760,F,S,0,15989.3,N,61.693333,3,0,25,1,CC,Budget,Intnl_discount,29,1,T
Adult,3786,M,S,2,63152.6,Y,63.173333,29,0,40,0,CC,Budget,Intnl_discount,70,3,F
Adult,3811,F,M,2,52004.8,N,25.14,5,0,23,0,CH,Budget,Intnl_discount,28,3,F
Adult,3821,F,S,0,78851.3,N,48.373333,0,0,28,0,CC,FreeLocal,Standard,29,4,T
Adult,3822,F,S,1,17540.7,Y,62.786667,22,0,13,0,Auto,Budget,Standard,36,1,T
Adult,3823,F,M,0,83891.9,Y,61.02,28,0,45,0,CH,Budget,Standard,74,4,T
Child,181,F,M,2,55860.0,Y,14.573333,16,0,10,0,CC,FreeLocal,Intnl_discount,26,3,F
Child,215,M,M,1,69680.9,N,15.846667,7,0,32,0,CC,FreeLocal,Intnl_discount,39,2,F
Child,410,M,S,0,15924.2,N,14.46,0,0,1,0,CH,FreeLocal,Standard,1,2,F
Child,419,M,S,1,3960.5,N,14.693333,29,0,66,0,Auto,FreeLocal,Standard,96,2,T
Child,608,F,M,0,38538.4,N,12.326667,22,8,16,0,CC,FreeLocal,Standard,47,3,T
Child,693,F,M,2,55860.0,Y,14.573333,16,0,10,0,CC,FreeLocal,Intnl_discount,26,4,F
Child,719,F,M,2,86695.4,N,13.906667,25,0,32,0,CC,FreeLocal,Standard,58,2,F
Child,818,F,S,0,43382.3,N,16.073333,29,8,99,0,CH,FreeLocal,Standard,138,3,T
Child,930,M,S,1,78554.2,N,16.7,5,7,23,0,Auto,Budget,Standard,35,2,F
Child,938,F,M,2,88427.0,N,13.86,22,4,43,0,CC,Budget,Standard,69,2,F
Child,1205,F,M,2,55860.0,Y,14.573333,16,0,10,0,CC,FreeLocal,Intnl_discount,26,1,F
Child,1226,M,M,1,3933.74,N,17.86,9,0,47,0,CC,Budget,Intnl_discount,57,2,F
Child,1237,F,S,1,30763.8,Y,14.193333,21,0,35,0,CC,Budget,Standard,57,3,T
Child,1361,M,M,0,5745.0,Y,15.38,26,0,17,0,CC,FreeLocal,Standard,44,3,T
Child,1442,M,M,2,78554.2,N,16.7,5,7,23,0,Auto,Budget,Standard,35,4,F
Child,1518,M,S,1,24141.5,Y,17.006667,28,0,97,0,CC,FreeLocal,Standard,125,1,T
Child,1632,F,M,0,38538.4,N,12.326667,22,8,16,0,CC,FreeLocal,Standard,47,1,T
Child,1809,F,S,1,27783.6,N,14.04,4,6,18,0,CC,FreeLocal,Standard,29,2,T
Child,1838,M,M,2,67339.8,N,17.006667,27,5,48,0,CC,FreeLocal,Intnl_discount,81,2,F
Child,1845,F,S,1,35089.0,N,16.06,26,0,108,0,CC,Budget,Standard,134,2,T
Child,2124,F,M,2,55860.0,Y,14.573333,16,0,10,0,CC,FreeLocal,Intnl_discount,26,4,F
Child,2176,M,M,0,5745.0,Y,15.38,26,0,17,0,CC,FreeLocal,Standard,44,2,T
Child,2215,M,M,2,78554.2,N,16.7,5,7,23,0,Auto,Budget,Standard,35,3,F
Child,2308,M,M,1,7545.96,Y,16.753333,22,0,178,0,CC,Budget,Standard,200,1,T
Child,2429,F,S,0,89813.6,N,12.846667,14,1,149,0,CC,FreeLocal,Intnl_discount,166,4,F
Child,2484,M,S,0,78554.2,N,16.7,5,7,23,0,Auto,Budget,Standard,35,2,F
Child,2673,F,S,0,89813.6,N,12.846667,14,1,149,0,CC,FreeLocal,Intnl_discount,166,4,F
Child,2984,M,S,0,15924.2,N,14.46,0,0,1,0,CH,FreeLocal,Standard,1,2,F
Child,2997,F,M,2,88427.0,N,13.86,22,4,43,0,CC,Budget,Standard,69,4,F
Child,3053,M,S,1,24141.5,Y,17.006667,28,0,97,0,CC,FreeLocal,Standard,125,3,T
Child,3085,M,M,1,7545.96,Y,16.753333,22,0,178,0,CC,Budget,Standard,200,3,T
Child,3145,F,M,2,55860.0,Y,14.573333,16,0,10,0,CC,FreeLocal,Intnl_discount,26,2,F
Child,3157,F,M,2,86695.4,N,13.906667,25,0,32,0,CC,FreeLocal,Standard,58,4,F
Child,3197,M,M,0,5745.0,Y,15.38,26,0,17,0,CC,FreeLocal,Standard,44,2,T
Child,3329,M,M,1,7545.96,Y,16.753333,22,0,178,0,CC,Budget,Standard,200,1,T
Child,3401,F,M,2,86695.4,N,13.906667,25,0,32,0,CC,FreeLocal,Standard,58,2,F
Child,3645,F,M,2,86695.4,N,13.906667,25,0,32,0,CC,FreeLocal,Standard,58,3,F
Child,3685,M,M,0,5745.0,Y,15.38,26,0,17,0,CC,FreeLocal,Standard,44,3,T
Child,3724,M,S,1,78554.2,N,16.7,5,7,23,0,Auto,Budget,Standard,35,2,F
Child,3785,M,S,1,24141.5,Y,17.006667,28,0,97,0,CC,FreeLocal,Standard,125,4,T
